date,volatility,rsi,rsi_norm,macd,z_score_price,Label
2018-04-03,0.0002698135374764242,62.259897862946936,0.6225989786294693,0.0027986338221523965,1.149444742235587,1.0
2018-04-04,0.0002554677922829678,56.257987685938986,0.5625798768593898,0.0034834899142879294,0.6755898827829596,1.0
2018-04-11,0.00020603672474727786,50.66081713716606,0.5066081713716606,0.0024205199585338733,0.9585123506171992,1.0
2018-04-12,0.0001976749883977228,53.579744652628534,0.5357974465262854,0.0029946155921862783,0.673891422028344,1.0
2018-04-13,0.00017956405034042075,49.809410106389876,0.4980941010638988,0.003211444891121573,0.5446188917576458,1.0
2018-04-17,0.00019119322245532538,62.42325668551059,0.6242325668551059,0.004948182718408134,1.930721800597315,1.0
2018-04-18,0.00019425985736186823,58.127604562413104,0.581276045624131,0.005839367609056012,1.095599422014665,1.0
2018-04-19,0.0001916418806472572,54.470962790957344,0.5447096279095734,0.006371196107906485,1.013185337818879,1.0
2018-04-20,0.00019349770996676205,61.33555799528938,0.6133555799528938,0.008006384767966779,1.6292025712394518,1.0
2018-04-23,0.0001904416375802569,49.26214974365575,0.4926214974365575,0.0076092312754809655,0.7572737435094749,1.0
2018-04-24,0.00021818082991237653,37.80369215350275,0.3780369215350275,0.001510675987432819,-2.1968409450686663,1.0
2018-04-25,0.0002186552462386658,38.24532151170497,0.3824532151170497,-0.004123803316090857,-2.4378746562251257,1.0
2018-04-26,0.0002193125743809253,43.191631241201065,0.4319163124120107,-0.007096749035767402,-1.6585011782729093,1.0
2018-04-27,0.0003288388301421992,63.05586465109093,0.6305586465109093,0.0013131201070422094,3.3821791187431596,1.0
2018-05-03,0.000357574016224733,45.72544544329131,0.4572544544329131,-0.002320622622775659,-1.2000016796052735,1.0
2018-05-15,0.0003553546987660677,54.589089155880814,0.5458908915588081,-0.003637056564528507,-1.0720330886773415,1.0
2018-05-16,0.00035539068702850047,51.00239985148722,0.5100239985148722,-0.005909943830317843,-1.4406086009331194,1.0
2018-05-17,0.0003848831900773786,43.08391603181953,0.43083916031819525,-0.0011921581708662643,1.6721899429646112,1.0
2018-05-21,0.0004005556491720089,44.46740983763576,0.44467409837635763,-0.003934014528852003,-1.5791596421167053,1.0
2018-05-22,0.00039836695928698366,43.79388760573148,0.4379388760573148,-0.006016346308712173,-1.3997240523664756,1.0
2018-06-04,0.00039183280699823175,57.201394329516525,0.5720139432951652,0.0041280606147893195,1.3141801400813629,1.0
2018-06-05,0.00041354436192184087,48.28280674386561,0.48282806743865614,0.00035540816105594786,-1.4377344382681292,1.0
2018-06-13,0.0002927446579218632,43.20046804649015,0.43200468046490154,-0.0044880124950168465,-1.6565086288663984,1.0
2018-06-14,0.00029558834749452963,46.762614874429474,0.46762614874429476,-0.005212945108070244,-0.8034620303138962,1.0
2018-06-15,0.00028866880327153307,46.27760943411538,0.46277609434115374,-0.005586713491553041,-0.7229237393463309,1.0
2018-06-20,0.00028929507538585236,44.275662225895935,0.44275662225895934,-0.005099977754582596,-1.019221510006319,0.0
2018-06-21,0.000292118991338715,40.49418561418419,0.4049418561418419,-0.008027775077763977,-1.8043512784268512,1.0
2018-06-25,0.0003027811786077261,57.49330451385704,0.5749330451385704,-0.00464366362285773,0.42151308600685394,1.0
2018-06-27,0.00030580744059797136,46.93924415617339,0.4693924415617339,-0.004163046013076155,-0.8757695598951507,1.0
2018-06-28,0.00031769240963817387,52.221826793164226,0.5222182679316423,-0.0010835853699404652,0.8403548288053402,1.0
2018-06-29,0.00028127324632698655,55.53986063317192,0.5553986063317192,0.002083130924518173,1.1649694926301917,1.0
2018-07-03,0.0002937561638323077,60.38727447669271,0.6038727447669271,0.003548912310321839,1.3752406378039892,1.0
2018-07-05,0.00029385917504139755,58.646752517226275,0.5864675251722627,0.006547277141663699,1.5648174689031396,1.0
2018-07-09,0.0003017716495650084,52.32883857091148,0.5232883857091148,0.0065673198239437625,0.851616935433953,1.0
2018-07-10,0.0003389057370573639,44.517007436691614,0.44517007436691614,0.0005067077570117817,-2.41729319918634,1.0
2018-07-24,0.0003130870964892429,47.37109155000241,0.4737109155000241,0.0017897242886562026,0.8916346070439752,0.0
2018-07-25,0.00032012915440421435,51.98425247054991,0.5198425247054991,0.0061256513624812214,2.318893982125301,1.0
2018-07-26,0.0003211657244408482,52.65330795077683,0.5265330795077683,0.0066610181403774504,0.8957785426091572,1.0
2018-08-02,0.0003275212903684585,45.60709804298382,0.45607098042983824,0.0008175394070377706,-1.5633579856464097,1.0
2018-08-06,0.00032609784024273397,46.09908797373986,0.4609908797373986,-0.0014627546724881313,-0.7684566425196444,1.0
2018-08-07,0.00034487965444454844,59.05355368936697,0.5905355368936697,0.0025905213386465675,1.9544889098136184,1.0
2018-08-13,0.00034855175691963613,44.600607090210325,0.44600607090210326,-0.0015002529196976866,-0.8907629657159364,1.0
2018-08-21,0.0002775623267471304,46.28903477308569,0.4628903477308569,-0.0006095141813915461,-0.6218982405572676,1.0
2018-08-29,0.000261852161118722,41.924199964618424,0.41924199964618425,-0.0031083702189675932,-0.9313667257892755,1.0
2018-08-30,0.0002616918300486108,42.88346522906003,0.4288346522906003,-0.004980591584413219,-1.3419870169768713,1.0
2018-08-31,0.00025686411045508284,46.76098562130135,0.46760985621301354,-0.0066934277213732685,-1.569152898017836,1.0
2018-09-04,0.00028563177365231474,57.120366230328656,0.5712036623032866,-0.002613243646933938,1.3628367762523772,1.0
2018-09-13,0.0002760964565853653,46.94387082789607,0.4694387082789607,-0.0003632427518880377,-1.119630890565587,1.0
2018-09-14,0.0002712859713761467,56.45076558421101,0.5645076558421102,0.001217852417525478,0.8693406259302955,1.0
2018-09-20,0.00020879486996872116,61.83450528412505,0.6183450528412505,0.0031346405540801925,1.1841338578112623,1.0
2018-09-24,0.00020874896473997188,45.26945927599988,0.4526945927599988,0.0031460326632242186,0.6180253139642481,1.0
2018-09-25,0.0002171165752340214,41.82638417801603,0.4182638417801603,0.00045225101317214467,-1.3832361465817018,1.0
2018-09-26,0.0002280245933741288,53.11682572324403,0.5311682572324403,0.001904941265777893,0.970927774193385,1.0
2018-09-27,0.00022776039353258556,52.61492106631321,0.526149210663132,0.0033019200716211117,1.11102061146605,1.0
2018-10-01,0.00023284336355863092,54.172006137622375,0.5417200613762237,0.003852350196851262,1.1719015325334208,0.0
2018-10-02,0.00024537345748814303,59.63804399655748,0.5963804399655748,0.008294987071238324,3.0175983167912106,1.0
2018-10-03,0.0002919430984893208,50.36477504458147,0.5036477504458147,0.00452665751001291,-1.1623970784336795,1.0
2018-10-10,0.00030593016571375163,41.680722672167576,0.41680722672167575,-0.002669263831421631,-2.178404794844888,1.0
2018-10-11,0.000303707648605949,43.91916539179914,0.4391916539179914,-0.006073795238805246,-2.0209143404006755,1.0
2018-10-18,0.0002869150432838311,48.184821422036144,0.48184821422036145,-0.0023214776910833734,-0.6553624866936213,1.0
2018-10-24,0.0003038605757177888,41.06580797520849,0.4106580797520849,-0.0031447162630513503,-1.486999223099801,1.0
2018-10-25,0.00029959479322108667,45.064998800677145,0.4506499880067715,-0.004086408819631515,-0.9341510189322254,1.0
2018-10-30,0.0003256934913584842,69.42791260289273,0.6942791260289273,0.0031708809918598035,3.086657453704311,1.0
2018-10-31,0.0003271823653291571,65.94136159121328,0.6594136159121328,0.006918752823708019,2.228706015449082,1.0
2018-11-02,0.0003348918164366589,52.90917759608065,0.5290917759608065,0.0070917502511775865,1.0549456419179992,1.0
2018-11-20,0.00027501105640323145,35.826557347315145,0.35826557347315147,-0.002514000576724129,-1.130819535824629,1.0
2018-11-21,0.000266920093392406,39.85907211980821,0.3985907211980821,-0.005340163775670703,-1.7175945390477214,1.0
2018-11-26,0.00028325870766144,48.704969646207566,0.48704969646207563,-0.004518539414974043,-1.0052167573469137,1.0
2018-11-27,0.00029246017199607594,51.71481268732881,0.517148126873288,-0.001967403010837643,0.8032766074179388,1.0
2018-11-28,0.0003009120853077554,45.85810176718965,0.4585810176718965,-0.0030063277542495825,-0.7961751689882508,1.0
2018-11-29,0.00030111769638420263,48.308819218307555,0.4830881921830755,-0.004361668373420002,-1.0620072267829241,1.0
2018-11-30,0.0003115360523789048,54.406751437579295,0.5440675143757929,-0.001468212867763441,0.9588888372649997,1.0
2018-12-12,0.00030090331056431183,50.44463516988032,0.5044463516988033,-0.0020820709862903186,-0.8556589888651241,1.0
2018-12-14,0.0003104516121983978,58.92413063987364,0.5892413063987364,0.004239302019257707,3.196625056679852,1.0
2018-12-17,0.0003828056550000552,46.826458210060416,0.4682645821006042,-0.0006873869118066978,-1.9757210866382042,1.0
2018-12-20,0.00039714555643746924,48.886307254000705,0.48886307254000705,-0.0020362422634860877,-1.3106874608286259,1.0
2018-12-24,0.00042763699098639826,43.7536784251653,0.437536784251653,-0.005002931408753852,-2.309036923532112,1.0
2018-12-26,0.00045296993049586906,50.53865743869736,0.5053865743869737,-0.002127892051021263,0.814949344920771,1.0
2018-12-27,0.00045001769530371037,53.329673858328256,0.5332967385832825,0.00036056436397302605,0.9001740008054578,1.0
2018-12-28,0.0004665992785052492,46.59170070312923,0.4659170070312923,-0.003424377327348793,-1.7742957586645354,1.0
2019-01-04,0.0004787118189080988,52.57856861448745,0.5257856861448745,0.0005503096451491274,0.8761333951625023,1.0
2019-01-07,0.0004849939616259796,41.98245594315861,0.41982455943158614,-0.0016732535197121479,-1.0478521931973488,1.0
2019-01-10,0.00048090474725160916,51.69302647010425,0.5169302647010425,0.002096567380718284,0.8640625313620964,1.0
2019-01-11,0.0004744696716169682,55.56646041029945,0.5556646041029945,0.0036954619804276945,0.7940728844315256,1.0
2019-01-16,0.00046596216355161246,41.69801675882839,0.4169801675882839,-0.0014075415254950485,-1.6316393990666447,1.0
2019-01-18,0.0004730261767683557,59.433767620782646,0.5943376762078265,0.00019611877800684852,0.9925827213703473,1.0
2019-01-23,0.00047010699243740675,55.224849180172555,0.5522484918017255,0.00317318855015003,1.0898550448476125,1.0
2019-01-25,0.0004771389429123344,42.751168005509854,0.42751168005509854,-0.0011960483678024048,-0.9886839182620081,1.0
2019-01-31,0.0003814326740666802,41.59400763452209,0.41594007634522095,-0.0020025809753718704,-0.7749234164349575,1.0
2019-02-01,0.0003870515873340224,54.109371336549586,0.5410937133654958,0.002704147264964263,2.0561255219232546,1.0
2019-02-04,0.0003897692211179842,53.01314276706455,0.5301314276706455,0.004301562104060963,1.044702284456666,1.0
2019-02-12,0.00028914670342012705,43.13229127875593,0.4313229127875593,0.0007381153632621817,-0.6262145557176538,0.0
2019-02-14,0.000609812893677823,25.709455037980717,0.25709455037980716,-0.023629529934652282,-5.975369306258273,1.0
2019-02-15,0.0006989072146577542,42.17866767188129,0.4217866767188129,-0.02804796935492959,-2.1872970107360117,1.0
2019-02-21,0.000713096497305514,54.41804899639626,0.5441804899639626,-0.008729905946481153,1.1370265465700045,1.0
2019-03-11,0.0007538055523186373,61.3442949632603,0.613442949632603,0.00806283256584095,1.5050663831337696,1.0
2019-04-03,0.00035489531515700323,40.241634539176324,0.40241634539176324,0.00017535534101398298,-0.35490166900494513,1.0
2019-04-04,0.00035894161586911953,63.300728508042425,0.6330072850804243,0.0020671433999410738,0.5501279387737138,1.0
2019-04-16,0.0002823820180225484,54.317927610016454,0.5431792761001646,0.002227970843392768,0.5041841525392412,1.0
2019-04-17,0.00030540167176097504,39.82365283348601,0.39823652833486006,-0.0020870443303948605,-0.8203361506143055,1.0
2019-04-23,0.00028282089260242007,57.4759366810696,0.574759366810696,0.003492463697966741,1.0049950257168236,1.0
2019-04-26,0.0002663717806288226,53.97367393393185,0.5397367393393185,0.003509483470310215,0.6134407434844776,1.0
2019-04-30,0.00025490987880968284,52.1657487154604,0.521657487154604,0.004220864922828582,0.808479372680297,1.0
2019-05-01,0.00026130561098145616,47.775204698707526,0.47775204698707524,0.002021917128715245,-0.7742184256822787,1.0
2019-05-09,0.0002559350387830539,42.17227009552556,0.4217227009552556,-0.0037964464972617407,-1.5943569547382763,1.0
2019-05-10,0.0002711124796620881,52.01768225749294,0.5201768225749295,-0.001618811439513479,0.8759903040712548,0.0
2019-05-14,0.0002773277396177233,59.380333512198376,0.5938033351219838,0.0023546670932006464,1.8332430163106073,1.0
2019-05-17,0.00027762812412041976,43.91609299794113,0.43916092997941125,-0.00028019114752453333,-1.3640665690034346,1.0
2019-05-20,0.00027579859368576505,43.62198709874978,0.43621987098749776,-0.0015353433935274552,-0.8364702842679131,1.0
2019-05-22,0.0002921820690552308,59.48780894093637,0.5948780894093637,0.0027415978308482636,2.595301243033662,1.0
2019-05-29,0.00030675722191015605,46.02379232080942,0.4602379232080942,-0.002280382481245624,-2.1874653556692922,1.0
2019-05-30,0.00033039939812894517,57.405823372589666,0.5740582337258967,0.0005021544001380107,1.5124121043453431,1.0
2019-06-03,0.00029723284539994485,53.900710263078615,0.5390071026307861,0.0033807944021901903,1.8075700418985274,1.0
2019-06-07,0.0002861852098786745,51.25117612796522,0.5125117612796523,0.0007333010391903372,-0.9877894568311527,1.0
2019-06-12,0.00028429400907162755,45.598078519057175,0.4559807851905717,0.0009210189639361488,0.8540200841548587,1.0
2019-06-17,0.00028693157840113697,47.23861322488303,0.4723861322488303,-0.0012239799565634257,-1.2539593737411259,1.0
2019-06-26,0.00027397797808979835,44.36313190587235,0.4436313190587235,-0.0011641399804460661,-0.8869420101853964,1.0
2019-07-01,0.00026592667160166625,55.17715770467363,0.5517715770467363,0.0014622011874081409,1.3452924397603785,1.0
2019-07-03,0.0002724462086240195,47.25660773335688,0.4725660773335688,7.976510248397517e-05,-1.086807671726717,1.0
2019-07-09,0.00025387627738775523,49.41320498580589,0.4941320498580589,-0.0007140047807041583,-0.782776494339338,0.0
2019-07-10,0.0002557743425381779,41.093282444877616,0.41093282444877616,-0.003162149471052089,-1.6848479831535124,1.0
2019-07-12,0.00022305680556823887,54.370815720637644,0.5437081572063764,0.0001295708734261325,1.0698676243459704,1.0
2019-07-15,0.00022670513104348716,44.92966730856899,0.4492966730856899,-0.001047945780868531,-0.7627099995564995,1.0
2019-07-17,0.0002119441931441101,55.74084203004475,0.5574084203004476,0.000797346746395533,0.8554523281471839,1.0
2019-07-18,0.00021769396546993428,47.389440065214856,0.47389440065214855,-0.000330689369931747,-0.6657357622050909,1.0
2019-07-22,0.0002151970311569055,42.94410248510086,0.42944102485100866,-0.0012754862509467557,-0.9519306321530624,1.0
2019-07-23,0.0004140762636718516,67.23859779643442,0.6723859779643442,0.013217075094658526,5.659366224689705,1.0
2019-07-25,0.0005340895882143951,45.70960826860741,0.4570960826860741,0.0046202557576435765,-1.4595694571434876,1.0
2019-08-01,0.0005461533889455595,46.371883664363494,0.46371883664363495,-0.0038370460959811226,-1.0550443267888563,1.0
2019-08-20,0.0005531869336039093,46.336469701493805,0.46336469701493804,-0.0038123898390978184,-1.4215673704506653,1.0
2019-09-06,0.0002520270871966089,43.22304724669559,0.43223047246695595,-0.0028382328508058663,-0.627141054907081,1.0
2019-09-09,0.00022177636889260177,43.792789594652746,0.4379278959465275,-0.00430480166902214,-0.9008821126730684,1.0
2019-09-11,0.00021471523869392038,51.99148743483133,0.5199148743483133,-0.0016018147061629406,0.3455366756125618,1.0
2019-09-19,0.000197415679820494,61.43173270074991,0.6143173270074991,0.0016250664509698254,0.4606907188521382,1.0
2019-09-20,0.0002022084293451123,47.752096819388605,0.47752096819388606,-0.0003687908344573998,-0.7829403781436911,1.0
2019-09-24,0.0002061992507402415,52.84286920738158,0.5284286920738158,0.0007035953423439878,0.26315452045547083,1.0
2019-09-30,0.00019302317391462558,45.345218129918756,0.4534521812991876,-0.0010719732829187478,-0.6078058185237185,1.0
2019-10-02,0.00019487328333089277,41.20448212074257,0.4120448212074257,-0.0029009782584239474,-1.981987014841889,1.0
2019-10-03,0.00017757039862475744,47.65122686593893,0.4765122686593893,-0.003919271143118408,-1.1586005867090183,1.0
2019-10-11,0.00016574203068129225,45.55692487005359,0.45556924870053594,-0.002063780918433622,-1.0378172779035353,1.0
2019-10-15,0.00017423030466283607,57.50661360012719,0.5750661360012719,0.0016582111318967918,2.10412521011773,1.0
2019-10-17,0.00018367524378087443,52.26288159536151,0.5226288159536151,0.002097359573298263,0.7725193316602446,0.0
2019-10-18,0.00021025205910569578,64.79511368304715,0.6479511368304715,0.007252332802764272,4.036789083335511,1.0
2019-10-21,0.00027178022594351303,45.66038941083781,0.4566038941083781,0.0038724293548000333,-1.3208532510466702,1.0
2019-10-22,0.00026776577985761874,50.42822375839931,0.5042822375839932,0.0006094382668919707,-1.662079259298749,1.0
2019-10-23,0.00028997718592548824,56.95240922946849,0.5695240922946849,0.0029173288808408415,1.6766753025998338,1.0
2019-10-25,0.00029861155719522123,47.25240120492488,0.4725240120492488,-0.0008618667539224134,-1.4832693551616085,1.0
2019-10-30,0.000300910561002273,53.189578795377706,0.531895787953777,0.0003946142497142091,1.0498263869588682,1.0
2019-10-31,0.00030010467136953477,54.93673893831747,0.5493673893831746,0.002311541991360855,1.4267236534170404,1.0
2019-11-01,0.0003051408859303593,47.085771144116705,0.47085771144116706,-8.105531465218974e-05,-1.2439576344971321,1.0
2019-11-05,0.0003023770708583823,47.033087598756126,0.47033087598756124,-0.0029683877983899265,-1.2043354734905545,1.0
2019-11-13,0.0003026346580247972,55.335870034722134,0.5533587003472213,0.0007016477731411896,1.1876119952099902,1.0
2019-11-18,0.0003033582335193113,53.84129733942306,0.5384129733942306,0.002393944542959048,0.9418196384737718,1.0
2019-11-20,0.0003090899205220011,49.45242044092691,0.4945242044092691,0.003081406627842398,1.1908720098564276,1.0
2019-11-21,0.0003158893971450567,51.55162596309302,0.5155162596309302,0.0011568441335185753,-0.8354638310065479,1.0
2019-12-02,0.0002911812016809708,56.01377701103295,0.5601377701103295,0.002065089784935026,1.0248312859364785,1.0
2019-12-09,0.00019489724092947234,41.84296205554096,0.4184296205554096,-0.0013140366247768043,-0.8561980545839161,1.0
2019-12-16,0.0001685482353627018,49.656463628286666,0.4965646362828667,0.000919735354997897,0.740396539175886,1.0
2019-12-17,0.00016815954496369128,52.20380008702384,0.5220380008702384,0.001844403383998383,0.7724696294566855,1.0
2019-12-18,0.00018338133163157952,41.97990457179122,0.41979904571791216,-0.0006178801206715434,-1.412909631797621,1.0
2019-12-19,0.00018337868423922208,55.613123250207686,0.5561312325020769,0.0004815907845596712,0.6709725784118876,1.0
2019-12-20,0.00017759684800260802,48.480873717330894,0.48480873717330897,0.0013773595426442853,0.6718744278580995,1.0
2019-12-24,0.0001802926498200403,47.83833609511432,0.4783833609511432,0.0006972135462888218,-0.5536675479199794,1.0
2019-12-26,0.00018683912835255702,56.95125595082116,0.5695125595082116,0.0019888284150511026,1.0162572874023443,1.0
2020-01-02,0.00017828823573401103,49.30368097093882,0.49303680970938824,0.0007350456078540901,-0.47264882407117587,1.0
2020-01-03,0.00017491556970849104,43.57487387825572,0.4357487387825572,-0.000807401396244245,-1.1125669834817,1.0
2020-01-06,0.00016817786512684013,45.91013529845569,0.4591013529845569,-0.0017121573274465618,-0.8237271050863011,1.0
2020-01-09,0.00019055645140747827,67.52457455171313,0.6752457455171313,0.003266435756501096,3.4867076705446864,1.0
2020-01-10,0.00020195172123477117,51.279150689326734,0.5127915068932674,0.0038500360273019396,1.0521496810128657,1.0
2020-01-14,0.00020499692586987378,45.24053592721699,0.4524053592721699,0.0009377875199447772,-0.9927341298174758,1.0
2020-01-17,0.00020180610272004998,44.31705052929031,0.44317050529290314,-0.0019098805603761093,-1.629097582571583,1.0
2020-01-28,0.00020951275023526779,41.7817647877358,0.41781764787735803,-0.0030538680820768604,-2.254910927958198,1.0
2020-01-30,0.0002418911197767005,51.66489129153095,0.5166489129153095,0.0034045732082859104,3.6398999816253284,1.0
2020-02-05,0.0002449352925933537,47.02681241679759,0.4702681241679759,-0.00019879966927760506,-1.2184203013275847,1.0
2020-02-10,0.000246835719916407,53.88522690650646,0.5388522690650646,0.0009868406304747168,1.2212965819016304,1.0
2020-02-11,0.00025440812234977405,47.97531459280537,0.4797531459280537,-0.0005616463775908187,-0.9875413068061644,1.0
2020-02-24,0.00023372665151299074,43.53854806429184,0.4353854806429184,-0.0016379154456416245,-1.7310940524371248,0.0
2020-02-25,0.00022549022637457974,44.60483324237034,0.4460483324237034,-0.003184039905733016,-1.4201430663728751,0.0
2020-02-26,0.00022359732198933707,47.34602125980818,0.4734602125980818,-0.004839417693574433,-1.686468359421108,0.0
2020-02-27,0.00022869775815361355,35.136694207038786,0.3513669420703879,-0.008478026763725666,-3.0204615571005666,1.0
2020-03-02,0.0002624815357471418,53.48885836171498,0.5348885836171499,-0.00270851164337671,2.0428536762148477,1.0
2020-03-03,0.00025956443599934947,62.29606217964565,0.6229606217964565,0.0015268290051722033,2.0644409092531726,1.0
2020-03-04,0.0002572830713953808,60.82409379744225,0.6082409379744225,0.00453672063547117,1.800986324771413,1.0
2020-03-05,0.0003162588088444332,40.47298965266029,0.4047298965266029,-0.0010816600753429384,-2.610157064801631,1.0
2020-03-06,0.00031633636608523235,37.8910205402313,0.378910205402313,-0.006478776468782144,-2.827328374019811,1.0
2020-03-09,0.0003164327235174601,38.08210038921046,0.3808210038921046,-0.011185010041600663,-2.7928567023130433,1.0
2020-03-10,0.00037366742523256867,51.84259411141438,0.5184259411141438,-0.006281233090859928,1.083946738245142,1.0
2020-03-12,0.0003736529854493962,44.61110367176348,0.4461110367176348,-0.006868355202882981,-1.3879046937389972,0.0
2020-03-13,0.000381057194482386,41.19785281234714,0.4119785281234714,-0.01419897573509843,-3.4444899555758526,1.0
2020-03-16,0.0004749768228030393,54.78022319147129,0.5478022319147129,-0.007097089875728102,1.4334823045579765,1.0
2020-03-17,0.0005564416173058633,44.67644151791508,0.4467644151791508,-0.01401467269901957,-2.9769607057413525,1.0
2020-03-18,0.0005686957658072474,50.17609087936472,0.5017609087936472,-0.014457664492098843,-1.2720655847366364,0.0
2020-03-19,0.0005990390209420819,42.00307083500645,0.42003070835006445,-0.023071804972730092,-3.493510828447356,1.0
2020-03-23,0.0006384213035102059,43.112449364978936,0.43112449364978933,-0.022296568446648735,-1.8421649920061491,1.0
2020-03-25,0.0007479110548766157,60.39515476816342,0.6039515476816342,0.004055261116775455,3.8535358680953933,1.0
2020-03-26,0.0007830322392310419,55.39253248564991,0.553925324856499,0.010604555305064878,1.4772617615301389,1.0
2020-03-27,0.00084351366273439,49.22487757440563,0.49224877574405634,0.00206699763438678,-1.62455663295706,1.0
2020-03-30,0.0008918665451945412,50.87142675318663,0.5087142675318663,0.007729957928773956,1.168166203812718,1.0
2020-03-31,0.000891920710076046,51.66051715929729,0.5166051715929729,0.011290723764503241,0.9583243093512657,1.0
2020-04-01,0.0009378396584622813,47.770676365311566,0.47770676365311565,0.0013466615111639157,-1.7573886150292484,1.0
2020-04-06,0.0009846015578309818,56.281900653505915,0.5628190065350591,0.00970042542910221,1.3769073557026523,1.0
2020-04-08,0.0009950290818780461,57.2134808507507,0.572134808507507,0.01215129949886773,0.8964411916657599,1.0
2020-04-09,0.0009932241728267193,53.97589606414764,0.5397589606414764,0.015042966184225293,1.0480435462550777,1.0
2020-04-13,0.0010205155106563675,50.63539347370056,0.5063539347370056,0.006574544496515955,-1.1016993079248834,1.0
2020-04-27,0.001012428017729442,50.11566324149496,0.5011566324149496,0.004698589675783182,1.37735548565596,1.0
2020-04-29,0.0009543307088686217,51.1780049067502,0.5117800490675021,0.00763808073351413,1.1840614369036577,1.0
2020-05-08,0.0008331719603512801,56.122791770859884,0.5612279177085988,0.002744648378410375,0.9306151069432844,1.0
2020-05-13,0.0007316806394272687,46.86354058584082,0.46863540585840824,-0.004777779353290157,-0.6289163461960907,1.0
2020-05-15,0.0006316859105460001,40.87674231130382,0.4087674231130382,-0.008106134801252551,-0.7667458750390369,1.0
2020-05-18,0.0006945801290145822,57.46928143521293,0.5746928143521293,0.002164499525775909,1.7327065256444352,1.0
2020-05-19,0.0006856143537349477,48.1571898230152,0.481571898230152,0.005093973471730351,0.6956954858041663,0.0
2020-05-20,0.0006820211886687528,59.7244990961069,0.5972449909610691,0.011780485593860135,1.5282273429242283,1.0
2020-05-26,0.0006833015098502591,54.637588867347155,0.5463758886734715,0.010639079111427918,1.2477470974821208,1.0
2020-06-03,0.0006622781281191393,57.558535398085766,0.5755853539808576,0.006676811050809306,0.9233006122124598,1.0
2020-06-05,0.0006655066662107852,57.49423373975274,0.5749423373975273,0.008383824327992784,0.7853615986938497,1.0
2020-06-08,0.0006620641050565425,45.641771615213756,0.45641771615213755,0.010212914148539198,1.0106131235597107,1.0
2020-06-09,0.0006598915903220727,42.17553303415065,0.4217553303415065,0.002890626035153332,-1.3236887032771876,1.0
2020-06-10,0.0006370368358981896,37.78182860669374,0.37781828606693746,-0.0017273196163216653,-0.9710830726072689,0.0
2020-06-11,0.0006205740162954694,42.81025457929508,0.4281025457929508,-0.00909881226084508,-1.8859459628930886,1.0
2020-06-19,0.0005940120636044445,46.94150905673203,0.4694150905673203,-0.004730996849403368,-0.7590190425755933,1.0
2020-06-24,0.0005628153025623246,43.47525991038893,0.4347525991038893,-0.006638482389860201,-0.7619607916570862,1.0
2020-06-26,0.0005614900701215095,39.6628869726504,0.39662886972650396,-0.008477911110446712,-1.0889385761758537,1.0
2020-07-09,0.00036874901495146566,40.87700697824886,0.4087700697824886,-0.004083222130830677,-1.1504423450626904,1.0
2020-07-10,0.00040349742769213513,61.04006568161262,0.6104006568161262,0.0007085104334549897,1.1948990297906816,1.0
2020-07-14,0.00041220251658941607,54.839048241848644,0.5483904824184864,0.0034211154666650145,0.7275497336302214,1.0
2020-07-15,0.00041594401616343915,61.32195029820787,0.6132195029820786,0.00768031435706007,1.4791398614266238,1.0
2020-07-17,0.00042679072196990565,57.930438307866936,0.5793043830786694,0.006380476466802065,0.6327441871041467,1.0
2020-07-21,0.0004454263848051707,53.92611805281243,0.5392611805281242,0.006413046253697985,1.034468390580154,1.0
2020-07-22,0.0003961636909179879,54.4744741997373,0.544744741997373,0.009144089202848704,1.238231168293896,1.0
2020-07-24,0.0004190832927007202,50.956349094579714,0.5095634909457971,0.005939633761869345,0.532801676893491,1.0
2020-07-27,0.0003922282669182046,48.54572333075069,0.4854572333075069,0.0026677326563770976,-0.6974721572320737,1.0
2020-07-31,0.0003875130647845037,47.05274143332939,0.47052741433329387,-0.004066622273427356,-0.7760686919543179,1.0
2020-08-03,0.00038076141006763476,42.71379494899935,0.4271379494899935,-0.006579214176582582,-1.2159094805896993,1.0
2020-08-05,0.0003958310532242911,56.766233966371836,0.5676623396637184,0.0001106341577923331,1.494213745767015,1.0
2020-08-17,0.0003841750035943592,49.278620814270845,0.49278620814270846,-0.0006546101950704042,-0.5010207818959007,1.0
2020-08-19,0.00039258869625558636,47.16152604890414,0.47161526048904145,-0.002967378346866667,-1.0937017797085185,1.0
2020-08-28,0.00032498123036669595,59.12609908253064,0.5912609908253064,0.005018015198075432,2.3926519407750857,1.0
2020-09-02,0.0003482142637177296,57.13262436848802,0.5713262436848802,0.00465839325163131,1.7525775342751764,1.0
2020-09-04,0.0003219106038369098,56.62566765435432,0.5662566765435432,0.0059857483206400275,1.3018365128304517,1.0
2020-09-08,0.0003263938435079895,47.39950087661424,0.4739950087661424,0.003053745133328789,-0.8304125736760108,1.0
2020-09-10,0.00033093878080678286,53.77963512522411,0.5377963512522411,0.002972994236117188,0.7786147396967223,1.0
2020-09-11,0.0003324290558672634,55.04950905978294,0.5504950905978294,0.00541617648319459,1.438019006081276,1.0
2020-09-15,0.000352731661969293,53.23994409322984,0.5323994409322984,0.004755647212689951,1.0706323127995814,1.0
2020-09-21,0.00038505543635407693,43.983501676470595,0.43983501676470593,-0.0038519909772816163,-2.938073048709959,1.0
2020-09-23,0.00044217822912700637,40.58708994375074,0.4058708994375074,-0.007929553919552745,-2.4083487148996388,1.0
2020-09-25,0.0004708138343665298,44.865624668355835,0.44865624668355836,-0.007132355133450119,-1.133609311915834,1.0
2020-09-28,0.00046953288872430096,48.35013377588068,0.48350133775880677,-0.008888252489100523,-1.335409022127998,1.0
2020-10-01,0.0004682077901002899,43.395317972908266,0.43395317972908265,-0.008253307131184329,-1.4284973463933843,1.0
2020-10-02,0.0004920681397920738,53.94448893158159,0.5394448893158159,-0.0028220522055448782,1.5804045671552869,1.0
2020-10-08,0.0004965947302658714,51.02170652545605,0.5102170652545605,0.0036316923726502637,1.219869164692973,1.0
2020-10-12,0.0004938294889420008,45.22033733543925,0.4522033733543925,-2.6026098126408215e-05,-1.409374726585763,1.0
2020-10-13,0.00047608328671221064,50.05715093360286,0.5005715093360287,-0.005304248512587151,-2.3026427703495584,1.0
2020-10-20,0.0004625470952851511,53.603863943196984,0.5360386394319698,0.002151036568406539,1.0848943699919942,1.0
2020-10-22,0.000473942789852803,48.6838225399369,0.486838225399369,0.003670943640216251,1.1533153270020307,1.0
2020-10-28,0.000460395796209987,40.74292024550741,0.40742920245507414,-0.003228777177028519,-1.227596441333967,1.0
2020-11-04,0.00037141760784168803,45.394119940117456,0.45394119940117456,-0.0008118459682862067,-0.7587629144493947,1.0
2020-11-09,0.0004564098478045665,63.64239504707266,0.6364239504707266,0.013374831148496469,4.457284281084578,1.0
2020-11-11,0.0005431718012580743,43.03254650346144,0.4303254650346144,0.006036030999510444,-1.4332156439366839,1.0
2020-11-12,0.0005386647852888327,47.87510743597005,0.4787510743597005,0.0019548240583304732,-0.8844797410093874,1.0
2020-11-18,0.0005160927591136827,47.32722461032068,0.4732722461032068,-0.0019982610994873085,-0.7810745484162833,1.0
2020-11-30,0.0005082666581450784,29.937662245517785,0.2993766224551779,-0.005313185630939188,-0.7820829958905204,1.0
2020-12-04,0.0004973329773476083,54.68870403521644,0.5468870403521644,0.002751721577169519,0.9641786365659882,1.0
2020-12-07,0.0005073115348828161,44.386493725908046,0.44386493725908044,-0.0006789145348591319,-1.02225456352757,1.0
2020-12-16,0.0005168578702578378,45.81548680183758,0.4581548680183758,-0.0015141679243413364,-1.2358788574767754,1.0
2020-12-22,0.00041212382922673196,48.81544270141617,0.4881544270141617,-0.0010796528774790204,0.42545802878935296,1.0
2020-12-30,0.0002895441832027416,52.080047172874565,0.5208004717287457,0.0013132388491357005,0.40959588901016536,1.0
2021-01-04,0.00030158613203891177,40.659145100540115,0.40659145100540117,-0.0026995404134595447,-1.5044516864195636,1.0
2021-01-05,0.00028462219056089817,42.77037475418761,0.42770374754187607,-0.005217426571817896,-1.1887385302541438,0.0
2021-01-06,0.00027405973646363606,36.9790641156592,0.369790641156592,-0.009068233675534998,-1.8476264564363163,1.0
2021-01-07,0.0002772539626773787,52.24306057655428,0.5224306057655428,-0.009128621501702128,-0.7567339852497486,1.0
2021-01-08,0.00029696199108858077,55.54690453409905,0.5554690453409905,-0.004467405128082191,0.9513786488242102,1.0
2021-01-14,0.0003062443854417871,42.78326385566949,0.4278326385566949,-0.005055007615297313,-1.0852770582934936,1.0
2021-01-15,0.0003025493360450713,45.10743914246819,0.45107439142468186,-0.005549650691420993,-0.683070380442185,1.0
2021-01-20,0.0003101477743142819,53.37998049690174,0.5337998049690174,-0.002434149640691885,0.5598055167423385,1.0
2021-01-21,0.00028492964740215907,53.09890664235199,0.53098906642352,0.0017253246196275995,1.1595810190136848,1.0
2021-01-28,0.0002904181396235181,57.00563203737993,0.5700563203737993,0.003917460611816637,0.9163769747687788,1.0
2021-02-05,0.0002591088779408081,58.147588632854315,0.5814758863285432,0.0024938193885759574,0.8049061937897473,0.0
2021-02-08,0.00025938018608578895,58.69280693510548,0.5869280693510548,0.004006585365814885,1.1419118852961447,0.0
2021-02-10,0.0002654031944563522,46.42139125610751,0.46421391256107514,0.00459878666922009,1.062836070054731,0.0
2021-02-11,0.0002843339277474632,68.4664306806315,0.6846643068063151,0.010266934095199076,3.2933275637509465,1.0
2021-02-12,0.00029063595621920134,59.32799599931444,0.5932799599931444,0.011630446965412489,1.6977420920033555,1.0
2021-02-16,0.0003211591747960632,45.18727812801509,0.45187278128015085,0.006639307773610881,-1.1712613212985683,1.0
2021-02-22,0.0003076588818465106,53.96537389027228,0.5396537389027228,0.005969857774729803,1.5023403855168482,1.0
2021-02-23,0.00030658358850345005,47.287568447229965,0.47287568447229966,0.0029771156381031005,-0.6643425672379384,1.0
2021-02-26,0.00032137211193215175,42.51499029271037,0.42514990292710375,-0.0030297214837560205,-2.1273169725484453,1.0
2021-03-04,0.00035783520662407774,41.0645219719463,0.410645219719463,-0.0006754944944447061,-0.5434501773311015,1.0
2021-03-05,0.00035551361707657355,43.36094559842985,0.4336094559842985,-0.002778870831292579,-0.877577695904961,1.0
2021-03-08,0.0003783921961153864,58.858763833477106,0.588587638334771,0.0023253952893043106,2.1467760240199527,1.0
2021-03-09,0.00042615728611529344,47.38354965615953,0.4738354965615953,-0.002078141921316501,-1.5374313915452114,1.0
2021-03-11,0.00044007277313060046,47.2553972909511,0.472553972909511,-0.0036129823498072255,-0.8976561096977838,1.0
2021-03-15,0.00044422534912858474,54.33147297743537,0.5433147297743537,-0.0001467382599571465,1.2713912983309534,1.0
2021-03-18,0.00045099019891203963,53.150472847232464,0.5315047284723247,-0.002213602856741659,-0.7933774897830747,1.0
2021-03-19,0.00045086563940353007,45.47975841341126,0.4547975841341126,-0.0036399286446311407,-0.8570293571499474,1.0
2021-03-22,0.0004497293750488121,45.31603689545594,0.45316036895455936,-0.006460432719691767,-1.6387171382826768,1.0
2021-04-28,0.00014293763726596937,54.270977786076116,0.5427097778607611,0.0013348680023028692,0.7202493586665037,1.0
2021-04-30,0.00013985712571714748,44.12658866468948,0.4412658866468948,-0.000489320800042492,-0.8712187625468641,1.0
2021-05-04,0.00013757330119563868,48.9975977642848,0.489975977642848,0.00028035442223028895,0.4656451956361008,1.0
2021-05-05,0.00012542174876536912,45.032223652408405,0.45032223652408404,-0.00032679048734962635,-0.2973454041812373,1.0
2021-05-11,0.00012252022488455955,43.9201218325904,0.439201218325904,-0.0012808215072936946,-0.8005711511052984,1.0
2021-05-13,0.0001273672968897541,46.50032867718739,0.4650032867718739,-0.0011249349422826072,-0.3786116253762882,1.0
2021-05-18,0.00012330197010112498,43.46991478916428,0.43469914789164277,-0.0006407448725980203,-0.3174283372783375,1.0
2021-05-19,0.00012330123916109957,46.33237678134479,0.4633237678134479,-0.0011528643131555327,-0.5845353689550354,1.0
2021-05-25,0.00012054423422912587,49.436665992205874,0.49436665992205875,-0.0011956947328712886,-0.5586929698771967,1.0
2021-05-26,0.00011543134880433402,53.606403377495106,0.536064033774951,-5.557239275333359e-05,1.0526317352088985,0.0
2021-05-27,0.00013337001568555507,66.32774614268656,0.6632774614268656,0.0037629578863516144,3.7113727377605716,1.0
2021-05-28,0.00018904337009490856,43.22897232204765,0.43228972322047654,0.0007799239272969771,-2.079139661945142,1.0
2021-06-04,0.00019880008001534885,54.29794957584563,0.5429794957584563,0.002357516533351145,2.0986801219542675,1.0
2021-06-11,0.00020556167618260976,52.02176995712126,0.5202176995712126,0.000709510005805214,0.8126163595950877,1.0
2021-06-14,0.00020991249147438152,46.67473255472191,0.46674732554721915,-0.0012004499080973119,-1.866560172778809,1.0
2021-06-16,0.00020838836193636824,45.298688821921466,0.4529868882192147,-0.002631511248907259,-1.3805937658300875,1.0
2021-06-18,0.00020724478745333505,53.267110132143316,0.5326711013214331,-0.0032956274697397703,-1.2444948617948175,1.0
2021-06-21,0.00021295308811067456,52.63497216757019,0.5263497216757019,-0.001627713908121109,0.9933441697299457,1.0
2021-06-25,0.00020862959649091108,47.68941052075521,0.4768941052075521,-0.0009202653043161035,-1.1489315113753118,1.0
2021-06-28,0.0002069380553001003,45.50486463224702,0.4550486463224702,-0.0016567789804327049,-1.0253140006467387,1.0
2021-06-29,0.00020701782197459024,45.02290542854651,0.45022905428546506,-0.0027112762765426623,-1.4811307707653267,1.0
2021-07-06,0.00021077074139462485,46.37341429054381,0.46373414290543813,-0.0025309921632157284,-1.263620771845847,1.0
2021-07-07,0.00021698017007033276,59.09375054559016,0.5909375054559016,-0.0009183531572745096,0.9763476340719409,1.0
2021-07-09,0.00022399613789204765,59.70980263879667,0.5970980263879667,0.0008146429017585888,1.6809023870700859,1.0
2021-07-13,0.00017049115574719307,42.89764964962366,0.4289764964962366,-0.0005553547025840544,-1.4107081075000316,1.0
2021-07-14,0.0001889092871000159,55.92077697991585,0.5592077697991585,0.002472646675641954,2.5694543453987655,1.0
2021-07-19,0.00019639390624338229,46.9804353661473,0.469804353661473,-0.001264469996286266,-1.9652738989768692,1.0
2021-07-21,0.0002067656792141033,56.71865260646511,0.5671865260646511,0.0027168408231119656,2.5899777280401186,1.0
2021-08-05,0.00020755898958879488,55.97882635961651,0.5597882635961651,0.0011702893403509051,0.9354056443506424,1.0
2021-08-11,0.00020819273891640875,45.190409098848114,0.45190409098848117,0.0001325299897558807,-0.760104280250288,1.0
2021-08-18,0.00019970477327311395,39.00470438994882,0.3900470438994882,-0.00199579982741227,-1.004137643587266,1.0
2021-08-19,0.0001964284382369422,42.552648174264355,0.42552648174264357,-0.0028968416839632027,-1.1626331946993698,1.0
2021-08-25,0.0001561095926912814,48.52076236583551,0.48520762365835507,8.9427147997867e-07,1.002310226439365,1.0
2021-08-26,0.0001519115323515262,40.60223999764349,0.40602239997643486,-0.0011615347750222327,-1.1618938769789344,1.0
2021-08-30,0.00014964577996556694,51.69680257670449,0.5169680257670449,0.0002804479958058437,0.8667136080911128,1.0
2021-09-07,0.00010112933754532664,46.8052113493437,0.468052113493437,-0.0009458669876067916,-1.1247249778043704,1.0
2021-09-08,0.00010733219454881934,57.08790995685247,0.5708790995685247,-0.00024428028622480724,0.4898486618608118,1.0
2021-09-09,0.00011164325148294935,51.57586482254366,0.5157586482254366,-0.0010322241863462978,-0.9336240534607659,1.0
2021-09-10,0.00010874810371418173,48.35966376791754,0.4835966376791754,-0.0013400194707600122,-0.6128763427498962,1.0
2021-09-13,0.00011540096664540948,55.631075186513286,0.5563107518651329,0.000318912774389446,1.3190295383303494,1.0
2021-09-14,0.00011586732463023274,51.537211017931064,0.5153721101793106,0.001151485597347346,0.815610352852655,1.0
2021-09-16,0.00012107108532429442,49.43446141333894,0.49434461413338937,-0.0006052142994832366,-1.4085182232877165,1.0
2021-09-17,0.00011652473628518824,41.87805814835923,0.4187805814835923,-0.0022298828905320534,-1.8262151599335334,1.0
2021-09-20,0.00011823281931595604,42.628007763287485,0.42628007763287484,-0.002543184447489466,-0.8501793913314937,1.0
2021-09-27,0.00011491687550060392,56.73170813285233,0.5673170813285233,-0.0005298846832175741,0.6067235533116166,1.0
2021-09-28,0.00012546119530380682,40.837582476967206,0.40837582476967205,-0.002033942488466778,-2.0608013953801247,1.0
2021-10-01,0.000134663528333832,50.921655661426016,0.5092165566142601,0.0010939531071016972,2.1992419461174797,1.0
2021-10-04,0.00013412290749481438,49.68807576114035,0.4968807576114035,0.0018324436185821469,1.1300258787788975,1.0
2021-10-06,0.00013791214399555416,49.73984019095324,0.4973984019095324,-0.0002860262487303089,-1.6356290628225567,1.0
2021-10-08,0.00013619477072934828,57.499086999677374,0.5749908699967737,0.0007494829864072017,1.6405170848344892,1.0
2021-10-13,0.0001342667435694446,48.24032394648992,0.4824032394648992,-0.00035960250319533316,-0.9156689165129491,1.0
2021-10-18,0.00013819141157469578,52.64685915959077,0.5264685915959076,-0.0007772445437410624,-1.1632668603179221,1.0
2021-10-19,0.00013658728593486422,45.86597905507998,0.4586597905507998,-0.001462522288107948,-1.028550250564152,1.0
2021-10-20,0.00013647937755403776,51.6836591725346,0.516836591725346,-0.00041961676940616144,0.9587224378366224,1.0
2021-10-21,0.00013305586457963668,47.74553936202343,0.4774553936202343,0.0008611985790452081,1.4707527909357916,1.0
2021-10-27,0.00016762029476239963,65.15591366864186,0.6515591366864186,0.0039355755532710646,4.056025920155879,1.0
2021-10-28,0.00017849440730198212,49.58032986617342,0.4958032986617342,0.004240045337510878,1.112692453055252,1.0
2021-10-29,0.00017801072998266458,52.843968417844785,0.5284396841784479,0.00457653636308919,1.2110378703680487,1.0
2021-11-02,0.00018096043420218327,48.33445404988681,0.4833445404988681,0.0011983282350769286,-1.3772977110701163,1.0
2021-11-04,0.00018584323571786346,52.60770477224071,0.526077047722407,0.0011073163272499187,1.0375997669498416,1.0
2021-11-08,0.0001934272265087085,56.015941544482466,0.5601594154448246,0.0016167369450386104,1.4406497798164215,1.0
2021-11-11,0.00018816767186773968,53.72596547335422,0.5372596547335422,0.0019550539802537514,1.2657405980719911,1.0
2021-11-15,0.00018836039828206428,49.82119677279939,0.4982119677279939,-9.90189863756541e-05,-0.8138501407631201,1.0
2021-11-16,0.00018636998808338942,36.25208431175624,0.36252084311756244,-0.0010159706524035528,-0.7530708445292974,1.0
2021-11-17,0.00018513178772581337,42.973741900430504,0.42973741900430507,-0.0019009789430270985,-0.8916793693836118,1.0
2021-11-18,0.00018498074041744316,40.700811137747245,0.40700811137747245,-0.003165613934967837,-1.425305416334667,1.0
2021-11-19,0.00017965049791033132,46.49869541473056,0.4649869541473056,-0.0037320061641992197,-1.0368251990284312,1.0
2021-11-26,0.00019605415789776718,40.93901484714696,0.4093901484714696,-0.003947390586134247,-2.718728061938435,1.0
2021-11-30,0.00021546224845675558,45.08986137415822,0.4508986137415822,-0.0040050591483975495,-1.5699603859554687,1.0
2021-12-02,0.0002192535129935785,49.90831291906652,0.49908312919066516,-0.0015187203798205928,1.2010885055605176,1.0
2021-12-03,0.00022876270012640157,46.46475803615588,0.4646475803615588,-0.0025890874094329774,-1.2669076836921898,1.0
2021-12-06,0.00024933295528189,58.02780395636524,0.5802780395636524,0.0010495010567410645,2.3473741315383725,1.0
2021-12-07,0.0002522945514072598,54.159863199796234,0.5415986319979623,0.002297694587284127,1.0391696203560838,1.0
2021-12-10,0.0002289797847041847,56.00011413759002,0.5600011413759002,0.003159396464013753,1.7457243169984822,0.0
2021-12-13,0.00023174148899984457,55.38870629817946,0.5538870629817946,0.0064390549088528815,2.765488928305485,1.0
2021-12-16,0.00024734930290663245,57.6077984785106,0.5760779847851061,0.004391746348559877,1.042398976814088,1.0
2021-12-20,0.0002463871318647848,50.93531982804432,0.5093531982804432,0.0013195182650775905,-1.0399859364633697,1.0
2022-01-04,0.0002444212348519145,57.51293854978119,0.5751293854978119,0.0029789201812917554,1.7772306996220495,1.0
2022-01-06,0.0002472193607661814,41.06170405717032,0.4106170405717032,0.0013859703503413812,-0.7466447746507969,1.0
2022-01-19,0.0001724102434487243,47.83817135442646,0.47838171354426456,-0.0008721226328418652,-0.6248646261830904,1.0
2022-01-21,0.00016687150772783205,43.57205455184466,0.4357205455184466,-0.0018107150308708242,-0.8792981236921452,1.0
2022-01-24,0.0001665969981068566,43.05482252953642,0.43054822529536424,-0.002365158475029716,-0.6099722462721014,1.0
2022-01-25,0.00016242130766703545,43.40536903933336,0.4340536903933336,-0.0009149012835507619,0.8743163746568392,1.0
2022-01-26,0.00015781159246290697,49.14703397141764,0.4914703397141764,-3.5220052851059336e-05,0.6398944055675455,1.0
2022-02-02,0.00011842597969183974,43.8285831104132,0.438285831104132,-0.0012362962600604988,-0.7465259347873459,1.0
2022-02-03,0.00011338507243556429,52.01841365927312,0.5201841365927312,7.74576294304552e-05,0.860996877078296,0.0
2022-02-07,0.00012156515103474509,59.83253542052472,0.5983253542052472,0.0024990620788400975,1.7250853238166166,1.0
2022-02-08,0.00012537947934913838,56.686097611955425,0.5668609761195542,0.0028038899255307115,0.6416375371047937,1.0
2022-02-09,0.00015142942530873456,40.87951400794665,0.40879514007946655,-0.0006615222012698041,-2.382802076060522,1.0
2022-02-10,0.00021348405458067202,61.73135359173228,0.6173135359173227,0.0031272960481487644,2.744879430161779,1.0
2022-02-11,0.000270339012221699,45.49286856910434,0.4549286856910434,-0.001045314408273157,-2.623071838285164,1.0
2022-02-14,0.00030258104148168165,52.37141768163123,0.5237141768163123,0.001563091488932855,1.6290093772372725,1.0
2022-02-15,0.0003038154419576376,50.901614333707364,0.5090161433370737,0.0024048397961848877,0.7469726585453339,1.0
2022-02-17,0.0003122186186175993,53.37654798716512,0.5337654798716511,0.003961364534276868,2.045198810850596,1.0
2022-02-22,0.0003183898890374906,48.80219556781427,0.4880219556781427,0.00085248510681879,-1.2411776598561965,1.0
2022-02-25,0.00032886496090664007,52.850795471445366,0.5285079547144537,0.0013583864185022776,1.8917475876652352,1.0
2022-02-28,0.0003289051295093485,50.21267032722296,0.5021267032722296,0.003210927033691746,1.5730705903439515,1.0
2022-03-04,0.00033656936279642094,52.251985121409284,0.5225198512140928,-0.0020200064402047246,-1.6597648929846869,1.0
2022-03-07,0.0003354401733365149,40.496440395517,0.40496440395516997,-0.00366441257556005,-1.3483194035198132,0.0
2022-03-08,0.0003380354922974412,39.25982194046181,0.39259821940461814,-0.006800068034493734,-2.459580234886576,1.0
2022-03-16,0.00036039458092093694,49.0774417801672,0.49077441780167197,-0.001676904374576793,-0.9189890335512094,1.0
2022-03-18,0.00036457217609595966,41.44541531339548,0.4144541531339548,-0.002385023123579799,-1.188403806586977,1.0
2022-03-29,0.0002579084909330326,43.64135918674826,0.43641359186748263,-0.0007281886442740415,-1.033997943878467,1.0
2022-04-12,0.00021671102826710244,59.11000346593606,0.5911000346593606,0.0018555151888364207,0.8319484342596333,1.0
2022-04-14,0.00021523449223995682,53.469399562536786,0.5346939956253679,0.003367173641379395,0.9560796763732006,1.0
2022-04-21,0.00017986788152584576,56.306561504472555,0.5630656150447255,0.001801266547289515,0.659804707503761,1.0
2022-04-26,0.00018394218064363637,43.82477094857719,0.4382477094857719,-0.0015415474042725918,-1.7037992983912953,1.0
2022-05-03,0.00015755139388996537,41.219690984388286,0.41219690984388285,-0.0021416608681903426,-1.067805339341178,1.0
2022-05-05,0.00015363540077746628,49.28538123683995,0.49285381236839954,0.00033223510521906974,1.1834151358000533,1.0
2022-05-09,0.00015971145508510558,46.93550807375073,0.4693550807375073,-0.000948780001152727,-1.3035711221416102,1.0
2022-05-10,0.00015967345512614002,44.64444266834858,0.44644442668348583,-0.002450338266484664,-1.3715855517825863,1.0
2022-05-11,0.0001672547796144294,50.7493911730659,0.507493911730659,-0.000506751281577067,1.3259904929431787,1.0
2022-05-16,0.00016587931838971562,53.859137185573445,0.5385913718557345,-0.00030680103104430145,-0.7490300015284965,1.0
2022-05-18,0.00019221827128338038,41.246925037509556,0.4124692503750956,-0.003986611579748001,-3.5169490225656825,1.0
2022-05-19,0.00019947278005258358,44.81255564682362,0.4481255564682362,-0.004826419560117756,-1.469245975978611,1.0
2022-05-20,0.00021466029722552144,54.036247937639004,0.54036247937639,-0.0017244308382657891,1.698843315884141,1.0
2022-05-23,0.00021499424746967082,58.483439355562574,0.5848343935556257,0.0013373992120762068,2.1005636456917114,1.0
2022-05-24,0.00021671965585665404,52.41935687017847,0.5241935687017847,0.0025681362227771842,1.1518874467750144,1.0
2022-06-13,0.00021336930322031814,49.05247702190567,0.4905247702190567,0.0008846828692554709,1.971848655943996,1.0
2022-06-14,0.0002345389615617134,39.405556750309486,0.39405556750309484,-0.0010592711659143106,-1.4693558414325185,1.0
2022-06-16,0.0002325375612240557,47.164057639725755,0.47164057639725754,-0.002074150792552132,-1.0236579068817353,1.0
2022-06-17,0.00023751127425201095,54.278294619431016,0.5427829461943101,-0.000460412695957757,0.847684413961211,1.0
2022-06-24,0.00022243106250814188,56.24128933952983,0.5624128933952983,0.0022399161798176692,1.2832125195684614,1.0
2022-06-29,0.00022820607757341197,47.889915784369386,0.47889915784369386,-0.0001724274979864049,-0.9099892042695001,1.0
2022-07-01,0.00020914054110515785,56.42066148470966,0.5642066148470967,0.0021591786178021266,1.466471177460578,1.0
2022-07-05,0.0002306144576853641,38.79423945211518,0.38794239452115176,-0.001114232045338781,-2.0952902399989783,1.0
2022-07-06,0.00021658050648111152,51.353308924052186,0.5135330892405219,-0.0020990477544273745,-0.8640137504714784,1.0
2022-07-07,0.00021593727722327846,47.702599975383926,0.47702599975383925,-0.0028241522155383336,-0.8164873510214674,1.0
2022-07-13,0.00021292657229675884,45.93587035448617,0.4593587035448617,-0.002074728772271328,-0.9608698830913148,1.0
2022-07-14,0.00021287026113107262,45.492039981556125,0.45492039981556126,-0.0028666481858863335,-0.9446228568495186,1.0
2022-07-15,0.0002182145993556575,47.69468794570823,0.4769468794570823,-0.0013566110047520397,0.6336555254700423,1.0
2022-07-19,0.00021757602136732914,52.05022501382498,0.5205022501382498,0.0004886902997043308,0.8558679908398462,1.0
2022-07-20,0.00022448633319772614,49.310091841740785,0.49310091841740783,-0.0008452163241088329,-0.9670909883332204,1.0
2022-07-25,0.0002271935921277363,64.8285859569488,0.648285859569488,0.0009261143744367928,1.2776703471797781,1.0
2022-07-26,0.00022703112496121942,59.460209230572296,0.5946020923057229,0.0021966364394216953,1.0792310238089162,1.0
2022-08-02,0.00018196544428545461,50.44640543179713,0.5044640543179714,-0.0005511870790542162,-1.055161965145678,1.0
2022-08-15,0.00016740735013508502,46.106027895489554,0.46106027895489554,0.0003422736387221903,0.73019483548901,1.0
2022-08-16,0.00012764565680634755,56.12787527343591,0.5612787527343591,0.0009982718461145623,0.7257184277125808,1.0
2022-08-18,0.00012682056049215183,52.94386945164949,0.529438694516495,0.0013243157080466972,0.831420574350399,1.0
2022-08-22,0.00012717593291990966,50.12529142236366,0.5012529142236366,-0.00016909719845159543,-1.0859781367339103,1.0
2022-08-25,0.00013038704145766633,52.296625269196056,0.5229662526919605,0.0006910261700028286,0.9568039381509046,1.0
2022-08-26,0.00012665746622517144,48.85936622096454,0.4885936622096454,-0.00019523154573164447,-0.7797099425593131,1.0
2022-08-29,0.00012578063724275507,48.713789783546865,0.4871378978354686,-0.0006978031770756843,-0.5940042605336181,1.0
2022-08-31,0.00011069538698404919,48.908915196922884,0.48908915196922886,-0.0012427945939208485,-0.5800523174481211,1.0
2022-09-01,0.0001094630925017049,49.57876656456995,0.49578766564569954,-0.001473807931958504,-0.5112847699865525,1.0
2022-09-02,0.00010909035292945347,43.63218353057051,0.43632183530570506,-0.0016460516953884508,-0.4994618220198056,1.0
2022-09-06,0.00010759801408349366,51.87078707998247,0.5187078707998247,-0.0001295619520362834,1.3831808969045374,1.0
2022-09-16,9.945578706274259e-05,49.22675001079847,0.4922675001079847,-0.0006604507461815956,-1.1152504271539367,1.0
2022-09-21,0.00010003580366039106,46.697021435483705,0.46697021435483704,-0.0014804527875469375,-1.3144872527225515,0.0
2022-09-23,0.00010121485058490333,42.1372294360642,0.42137229436064205,-0.002906983779610073,-2.4761803866497214,0.0
2022-09-26,0.00010133208806258672,26.039071141187577,0.26039071141187575,-0.004189390716689445,-2.618545614673328,1.0
2022-09-27,9.78132154330694e-05,28.02658602691635,0.2802658602691635,-0.005543560172569073,-2.8262929426563734,1.0
2022-09-29,0.0001098728547670019,51.74036687880728,0.5174036687880728,-0.0026918267461866208,0.8759777577526322,1.0
2022-09-30,0.00010854585420095941,56.23395079499303,0.5623395079499303,-0.0005884658279455834,1.6873884303015598,1.0
2022-10-03,0.00010904309762756656,53.6780861414846,0.5367808614148459,0.0002760177454490531,0.6689486984994603,1.0
2022-10-04,0.00010992161228860383,45.68288897416704,0.4568288897416704,-0.0004580747896483217,-1.0811945165706003,0.0
2022-10-06,0.00010445203774326595,48.97750927708997,0.4897750927708997,-0.0012262234187687682,-1.0639028409945244,0.0
2022-10-12,0.00011454159926412355,38.97965972705952,0.3897965972705952,-0.0033332811932069717,-3.422450385263978,1.0
2022-10-13,0.00011996552516545876,50.42606790378523,0.5042606790378523,-0.0038587184528608987,-1.5724703788566734,1.0
2022-10-14,0.00013175563337906873,59.45239887739643,0.5945239887739643,-0.0018844813654936843,1.1447824533321511,1.0
2022-10-17,0.00013209040052807153,59.5558649706046,0.595558649706046,-0.000688496506271008,0.7161374131964383,1.0
2022-10-18,0.00012664349418718717,53.51118172691329,0.5351118172691329,0.00048652538102089693,0.9514407667102741,1.0
2022-10-21,0.00013919066505754782,53.398140832018576,0.5339814083201858,0.0019482562952504168,1.840121534941671,0.0
2022-10-24,0.0001391542049427902,58.899972571921424,0.5889997257192142,0.0032538417713965373,1.6483346694045589,0.0
2022-10-25,0.00014633569160889853,63.83990062903513,0.6383990062903513,0.006313839149811429,3.3782593716566733,1.0
2022-10-26,0.0001584508401745578,55.46514552449852,0.5546514552449852,0.00609834138322185,0.9552163487694824,1.0
2022-10-28,0.00015728353863653485,54.30522578285744,0.5430522578285744,0.0056106814062957255,1.0696859124100468,1.0
2022-10-31,0.00016844690925375602,46.21251637304894,0.4621251637304894,0.002816361347328211,-1.3936967107487497,1.0
2022-11-10,0.00018713702746679122,55.745799762099786,0.5574579976209979,0.003513498904226253,2.893270652694938,1.0
2022-11-11,0.0001870749496461566,57.735522982882834,0.5773552298288284,0.0066633970609046855,3.0395563416984324,1.0
2022-11-16,0.0002094132808280835,45.28890952357055,0.45288909523570553,0.001134363504263547,-0.7361035784383483,1.0
2022-11-30,0.00019291544241178095,58.88896035616343,0.5888896035616343,0.002505311180357239,1.4293863311700925,1.0
2022-12-02,0.0002045037368814265,41.64428604975831,0.41644286049758306,0.0022058187853843947,1.0859377789931828,1.0
2022-12-09,0.00019132874479443196,44.852491267883956,0.44852491267883954,-0.0015120477845158575,-1.0379389840268765,1.0
2022-12-12,0.00020056646641946002,54.52586125941827,0.5452586125941827,-5.667711322132618e-05,1.0131433941978858,1.0
2022-12-16,0.0001890424284839523,46.466318431339666,0.46466318431339665,-0.001429543188464777,-0.9185741556455249,1.0
2022-12-21,0.00019207960830611504,57.10837869661217,0.5710837869661217,3.15556941501427e-05,1.1250133058971221,1.0
2022-12-28,0.00014367226335322274,47.83492428824056,0.4783492428824056,-0.0007125470453814842,-0.8419184414401134,1.0
2023-01-03,0.00014875104098181443,40.64088226889313,0.4064088226889313,-0.0010049793696680354,-0.9786241707624377,1.0
2023-01-05,0.0001498164496324042,46.44087378947204,0.4644087378947204,-0.0012358014850093468,-0.6737898788494576,1.0
2023-01-09,0.00015088381417990246,51.06815181476125,0.5106815181476125,-0.001656187995365599,-0.8843845564323366,1.0
2023-01-13,0.00015023205934696555,55.41482830036549,0.5541482830036549,-0.0006228303746667052,0.8175860024554547,1.0
2023-01-18,0.00013838371869616829,41.330494567360695,0.4133049456736069,-0.0021119670523574996,-1.8154983745516051,1.0
2023-01-19,0.00014933567222827414,56.834769311471014,0.5683476931147101,-0.00041180982265132116,1.079920266626833,1.0
2023-01-20,0.00014671263262683548,50.41265690587302,0.5041265690587302,0.0005229409356246606,0.6627825813219455,1.0
2023-01-23,0.00014453427381470413,53.81540564596051,0.5381540564596051,0.0014644419463962777,0.843818315273283,1.0
2023-01-26,0.0001364688465028297,55.97684248242903,0.5597684248242902,0.0014599832227730758,1.2177523902704712,1.0
2023-01-31,0.0001388686003060713,53.23218339083745,0.5323218339083745,0.0013445351178091869,0.6810381040342066,1.0
2023-02-02,0.00014188170556284443,45.916240603165654,0.45916240603165653,-0.0013759952881713389,-2.289503792342701,1.0
2023-02-03,0.00014356913952111232,44.50359371987043,0.4450359371987043,-0.0018418446048826809,-0.9683929958070497,0.0
2023-02-06,0.00013823372872366673,45.537618350456725,0.45537618350456727,-0.002749505356774762,-1.5878612889472026,1.0
2023-02-08,0.00013553074470003498,41.56016142245851,0.41560161422458514,-0.002520061838325205,-0.8655846937815646,0.0
2023-02-09,0.00013690474585509893,39.882941326707346,0.39882941326707344,-0.003527581835570004,-1.838129234768756,0.0
2023-02-10,0.00013682473798664487,35.686214393315694,0.35686214393315696,-0.0052993614780376674,-2.7377049560571503,1.0
2023-02-13,0.00016146888819423735,55.47862122622745,0.5547862122622745,-0.0026998728734213273,1.569102461909726,1.0
2023-02-14,0.0001711332570287294,46.47138652315404,0.4647138652315404,-0.003159022726549665,-1.2037263985307085,1.0
2023-02-17,0.00017840590440356652,53.57312286043935,0.5357312286043935,0.00014641723790020933,2.0869803196804098,1.0
2023-02-28,0.00018731089756193425,52.822489627794255,0.5282248962779426,0.0015168742670255142,1.1509045890647978,1.0
2023-03-06,0.00018210244623502087,52.52730699025893,0.5252730699025893,0.002690104509738944,2.3678463926336977,1.0
2023-03-14,0.0001845476865683092,51.06880127468263,0.5106880127468263,0.0009321136836604182,0.9194417126075952,1.0
2023-03-15,0.00018972261061229946,44.80051768348761,0.4480051768348761,-0.0003845478432396021,-1.1374087710131435,1.0
2023-03-16,0.00019443039664155542,54.52014140800329,0.5452014140800329,0.0006874177916955659,1.0777739663148325,1.0
2023-03-21,0.00019200309358875472,46.64123635112668,0.4664123635112668,-0.0005800890689613425,-0.9787269879159728,1.0
2023-03-27,0.0001902804227952919,55.08810031619584,0.5508810031619584,0.0012243867036119127,0.9631738545458741,1.0
2023-03-31,0.00015621289137441121,45.58069816439586,0.4558069816439586,9.725631619517117e-05,-0.5721583983382392,1.0
2023-04-03,0.00014868010846899707,50.08404769369258,0.5008404769369258,0.0008328458014688067,0.9229482185810917,1.0
2023-04-24,0.00010242528153717496,41.1050817609142,0.411050817609142,0.0001322470866398362,-0.44240500555213313,0.0
2023-04-25,0.00011568007884239635,31.05732157487556,0.31057321574875557,-0.002967398833177981,-3.759518268693666,1.0
2023-05-02,0.00011939407279132187,42.761282223985134,0.42761282223985136,-0.002051811503960721,-1.3716932595201017,1.0
2023-05-03,0.0001181308741197068,46.577323775730896,0.46577323775730894,-0.002358564331842672,-1.076942715616045,1.0
2023-05-04,0.00011377678966754483,45.25167442957579,0.45251674429575794,-0.0023653398852303553,-0.762463567062901,1.0
2023-05-09,0.00012198406673037236,41.69602574284962,0.4169602574284962,-0.0021535971876858184,-2.0659478355845957,1.0
2023-05-15,0.00012821828012350576,66.5303830608457,0.6653038306084569,0.0006369565233228514,0.9995800454070135,1.0
2023-05-16,0.000131119819325241,44.849897888496194,0.44849897888496193,-0.0004016535691135914,-1.3992396602828598,1.0
2023-05-17,0.00013607311918994078,54.68892941834305,0.5468892941834305,0.0004965667056069378,1.0171306457573523,1.0
2023-06-02,0.00014229588123830796,57.26357738181856,0.5726357738181855,0.0016261090317755134,2.424609696700584,1.0
2023-06-05,0.00015476404387862282,42.963718904835716,0.4296371890483572,0.0004078569922398856,-1.336719450207308,1.0
2023-06-06,0.0001590065948994644,56.932083967202814,0.5693208396720282,0.0010780909546355133,0.9826779051489631,1.0
2023-06-07,0.00014552235159220504,50.646658992915555,0.5064665899291555,0.0017481806154791002,1.214224179748197,1.0
2023-06-08,0.00013533431814443961,47.97434048189564,0.4797434048189564,0.0005604231188414133,-1.159530898789074,1.0
2023-06-13,0.00013838774060320129,52.726546796321365,0.5272654679632136,0.0010939618552612274,1.2596810387613477,1.0
2023-06-16,0.00013890546496951126,53.89195304473564,0.5389195304473564,0.0018045459205779935,1.288185890141346,1.0
2023-06-23,0.00012994091107784304,41.3902789020898,0.41390278902089794,-0.0002006556871236853,-0.8658522314861057,1.0
2023-06-26,0.00013466732279719524,57.2261888462026,0.572261888462026,0.0006371728410954347,1.1984515010151144,1.0
2023-06-27,0.00014175028911105975,43.15331640239795,0.43153316402397945,-0.0006255486945292432,-1.356732199919191,1.0
2023-06-29,0.00014284797024125941,48.542009285304154,0.48542009285304155,-0.0015193996731142079,-1.5425062523429454,1.0
2023-07-03,0.00013842864351718502,53.31426248206729,0.5331426248206729,-0.0005700318846635355,1.009680214801076,1.0
2023-07-06,0.00014285265503996398,46.19427438334443,0.4619427438334443,-0.0009877074434712085,-1.2044140431556438,1.0
2023-07-10,0.00015389145811139167,41.871497600228544,0.41871497600228547,-0.0021249011425936715,-2.410075757359909,1.0
2023-07-11,0.00016460522397867864,53.183640124606406,0.531836401246064,-0.0009180741173366869,1.0750673936597157,1.0
2023-07-12,0.000165201959116396,52.84976017892876,0.5284976017892876,0.0007089262273751729,1.9118222550527484,1.0
2023-07-13,0.0001771771105472591,46.90260717298067,0.4690260717298067,-0.0007953751987059832,-1.7217420157482242,1.0
2023-07-14,0.00018375875144603475,53.59099347181928,0.5359099347181928,0.0003066326657688023,1.1868927471770658,1.0
2023-07-17,0.00018321873971768123,51.54985479460684,0.5154985479460684,0.0017699860374875698,1.860127041235109,1.0
2023-07-19,0.00017349030896010882,53.00521105645625,0.5300521105645625,0.0027954106141834245,1.7305593837207884,1.0
2023-07-25,0.0001673987013901266,46.6891366778714,0.466891366778714,-0.0003327238552230938,-0.9272284326004463,1.0
2023-07-26,0.00017594567430483806,57.119933292308104,0.571199332923081,0.0013645139157603126,1.9680806109824969,1.0
2023-07-28,0.0001782997553124011,52.372404403886655,0.5237240440388665,0.0002235108055543833,-1.2161295970457442,1.0
2023-08-08,0.00017695563182756386,47.95898964111101,0.4795898964111101,7.649066343162758e-05,1.0710179149353363,1.0
2023-08-17,0.00016853978316219693,64.92058835830642,0.6492058835830642,0.0025330201368944927,2.5799224218800254,1.0
2023-08-18,0.00016801864531422656,53.23385801877637,0.5323385801877637,0.00304013508302603,1.2429990602176952,1.0
2023-08-21,0.00016501795477268265,47.68298252716744,0.4768298252716744,0.0017574899474084305,-0.7135593771564075,1.0
2023-08-23,0.0001561064490395632,45.32682574794813,0.4532682574794813,-0.0003779523247118277,-1.4668241745888473,1.0
2023-08-25,0.00013824567077133285,48.15520528210175,0.4815520528210175,-0.0011756943661396235,-1.0347782096543952,1.0
2023-08-29,0.00013608700130127876,45.26235969570875,0.45262359695708754,-0.001701958193720543,-0.7359319663055818,1.0
2023-09-06,0.0001316734958604246,47.32832161387844,0.4732832161387844,-0.0015297937712546172,-0.6215147366646524,0.0
2023-09-07,0.00012558812160824896,31.02973221870127,0.31029732218701267,-0.003571320509792031,-2.5881405024414694,1.0
2023-09-12,0.00012764965036911056,45.801930532577096,0.45801930532577095,-0.0029366080455019983,-1.1481593173393443,1.0
2023-09-18,0.00013309094315439645,55.980587727494616,0.5598058772749461,4.69298791614392e-05,1.367535816205399,1.0
2023-09-20,0.0001312834599800887,53.63652848714397,0.5363652848714398,0.0013309838243600325,0.7210896404381968,1.0
2023-09-25,0.00013389753555430613,48.00554972277497,0.4800554972277497,6.419457805861839e-05,-1.1447274556118245,1.0
2023-09-27,0.00013327870379950326,62.19514682176266,0.6219514682176266,0.000784804798939831,0.7123412269813952,1.0
2023-09-29,0.00012643709849671558,54.182463719489284,0.5418246371948928,0.00095772113172643,0.7384335721615936,1.0
2023-10-02,0.00012980923954199083,49.372121518764715,0.49372121518764717,-0.0003325901207631432,-1.442574418007188,1.0
2023-10-05,0.00012300071885408545,46.313083158532685,0.46313083158532686,-0.0018783440568768128,-1.484009650470277,1.0
2023-10-06,0.00014257814272385482,53.635552577881555,0.5363555257788155,0.0008493843449031147,2.765243190007772,1.0
2023-10-09,0.00016533192176251571,43.84748800221732,0.43847488002217316,-0.0007538682046543954,-1.7505871914968516,1.0
2023-10-10,0.00017535821486238545,51.06894975816069,0.5106894975816069,0.0006028475164612246,1.339561395521025,1.0
2023-10-12,0.00017558902333742306,51.860938925708055,0.5186093892570806,0.0018918336624125232,1.121480012737936,1.0
2023-10-13,0.0001827817829294508,49.115957963075445,0.49115957963075446,0.00031871202030231416,-1.3638754693884654,1.0
2023-10-16,0.0001879140851863576,51.91523859728667,0.5191523859728666,0.0011122983206348636,0.9179799385617909,0.0
2023-10-17,0.00019114651033552728,54.76678273114292,0.5476678273114292,0.0035683808979314335,2.7167061693794063,1.0
2023-10-18,0.0002119334774014221,48.03425016031119,0.48034250160311187,0.0015556033161345795,-1.3028515975078372,1.0
2023-10-19,0.0002212289582217304,52.868040069085154,0.5286804006908515,0.0033343203494524687,2.0792576616580947,1.0
2023-10-20,0.0002159613969660681,54.60110787719811,0.5460110787719811,0.0038544060328291607,1.20154533786521,1.0
2023-10-23,0.00022532234438299393,48.479505156766464,0.48479505156766467,0.0014300768572184097,-1.4618737446520376,1.0
2023-10-24,0.00024775293759914867,55.20649762564349,0.5520649762564349,0.00404361468559955,2.6153703127743646,1.0
2023-10-25,0.0002505302631555448,53.9940206179887,0.539940206179887,0.004513234772929309,1.2172023716572273,1.0
2023-11-01,0.0002526144366985892,45.72950538131172,0.4572950538131172,-0.0004777402612461401,-1.2837138480696424,1.0
2023-11-03,0.0002563599327117783,46.70058169664949,0.46700581696649496,-0.001491621602085047,-0.8735235257662705,1.0
2023-12-04,0.00016826723628361772,47.21418981368465,0.4721418981368465,-0.0005631931049947525,-0.6871212535752182,1.0
2023-12-05,0.00016011769227893167,54.92784646464615,0.5492784646464615,0.0005397044626107572,0.9531687360713048,1.0
2023-12-08,0.00011251448426287562,50.347407723279225,0.5034740772327922,0.001327164445484641,0.8381461420618472,1.0
2023-12-11,0.00011840253766793388,43.86658616778137,0.4386658616778137,0.00033754027334964576,-0.6643063810847556,1.0
2023-12-13,0.0001267653233548375,43.79574843887594,0.4379574843887594,-0.001137093904617359,-1.525407034063101,1.0
2023-12-18,0.00011873168909441896,48.881587595968895,0.48881587595968895,-0.0013459022581940872,-0.5890696402061879,0.0
2023-12-20,0.00012064780730303914,43.88955205924732,0.4388955205924732,-0.002696860537710677,-1.9680922229621158,1.0
